"id","program","peruntukan","bil_projek","bm","Perolehan","dp","sp","link"
"1","JALAN PERHUBUNGAN DESA","1,916,000.00","27","0","0","2","25","http://pantaun9.rurallink.gov.my/pemantauan/jpd_de_view.php"
"2","JALAN PERHUBUNGAN DESA PEMERKASA","1,300,000.00","7","0","0","5","2","http://pantaun9.rurallink.gov.my/pemantauan/jpd_khas_view.php"
"3","JALAN PERHUBUNGAN LADANG","100,000.00","1","0","0","1","0","http://pantaun9.rurallink.gov.my/pemantauan/JL_view.php"
"4","PROGRAM AMENITI SOSIAL","850,000.00","12","0","3","0","9","http://pantaun9.rurallink.gov.my/pemantauan/pams_DE_view.php"
"5","PROGRAM AMENITI SOSIAL PEMERKASA","650,000.00","7","0","0","5","2","http://pantaun9.rurallink.gov.my/pemantauan/pams_khas_view.php"
"6","BEKALAN AIR LUAR BANDAR","480,000.00","4","0","0","1","3","http://pantaun9.rurallink.gov.my/pemantauan/balb_view.php"
"7","JALAN LUAR BANDAR","1,062,474,000.00","9","7","0","1","1","http://pantaun9.rurallink.gov.my/pemantauan/JALB_view.php"
"8","PERUMAHAN RAKYAT (BB)","1,219,000.00","23","0","0","21","2","http://pantaun9.rurallink.gov.my/pemantauan/pprt_view.php"
"9","PERUMAHAN RAKYAT (BP)","2,665,000.00","205","81","0","41","83","http://pantaun9.rurallink.gov.my/pemantauan/pprt_view.php"
"10","BEKALAN ELEKTRIK LUAR BANDAR","4,993,275.00","3","2","0","1","0","http://pantaun9.rurallink.gov.my/pemantauan/BELB_view.php"